Config,Epoch,Train Loss,Train Acc,Val Loss,Val Acc,F1 Score,Learning Rate
9,1,1.7741750295128302,0.26218879668049794,1.7677132905797754,0.274,0.23821044809344227,3e-05
9,2,1.70787527493391,0.3094250148192057,1.7039354557686663,0.31533333333333335,0.23204295893698001,3e-05
9,3,1.6682988521047113,0.3352474807350326,1.6363733829335962,0.353,0.2871875120956873,3e-05
9,4,1.630211105843856,0.3570687611144043,1.6037852865584352,0.37333333333333335,0.315411044757997,3e-05
9,5,1.606415691533925,0.36877593360995853,1.5852371175238427,0.379,0.3222759273084756,3e-05
9,6,1.5879132778723657,0.37951985773562535,1.5701528254975663,0.39166666666666666,0.34756868724162493,3e-05
9,7,1.5670091591740107,0.38830023710729106,1.542501799603726,0.396,0.371166685254087,3e-05
9,8,1.5586640625768364,0.3909306461173681,1.526356854337327,0.4053333333333333,0.38759975028984794,3e-05
9,9,1.5405558319453379,0.39711766449318314,1.533729375676906,0.39866666666666667,0.34142374054178176,3e-05
9,10,1.5240947485535066,0.4058609958506224,1.5016489409385843,0.4136666666666667,0.36633317127193704,3e-05
9,11,1.508667945014357,0.409047125074096,1.5080075390795444,0.4013333333333333,0.38868899844147337,3e-05
9,12,1.5064204888886186,0.4108995257854179,1.4853865466219314,0.4216666666666667,0.37729554401952903,3e-05
9,13,1.4888027174777894,0.4181238885595732,1.461471027516304,0.43766666666666665,0.41974081963699983,3e-05
9,14,1.4739856892287448,0.4234588026081802,1.4825592269288732,0.42233333333333334,0.3786374885453679,3e-05
9,15,1.46550535251744,0.42827504445761705,1.4733984089912253,0.4216666666666667,0.4195253531401887,3e-05
9,16,1.451476026767803,0.4362033195020747,1.451864501263233,0.43866666666666665,0.42583154468324425,3e-05
9,17,1.43979367288933,0.4415752815649081,1.4252982773679368,0.445,0.42934652076638613,3e-05
9,18,1.4287672054146139,0.44779934795494963,1.4383435097146542,0.439,0.43091884792324997,3e-05
9,19,1.4156410295816395,0.450540901007706,1.409598616843528,0.45066666666666666,0.42184171848429763,3e-05
9,20,1.4049574611311275,0.4549125666864256,1.4131242797729817,0.4543333333333333,0.42559376328317156,3e-05
9,21,1.40110715362133,0.4558017190278601,1.3932044201708855,0.458,0.45014205799436907,3e-05
9,22,1.3899775370602359,0.4603586247777119,1.3929930722459833,0.465,0.4413841467532499,3e-05
9,23,1.3792328602894788,0.46621221102548904,1.378705767875022,0.461,0.43527481854173183,3e-05
9,24,1.368703327472741,0.471547125074096,1.3801853885041906,0.4713333333333333,0.466338655481338,3e-05
9,25,1.3653395229606267,0.4706209247184351,1.3651232744785065,0.4786666666666667,0.4658474331411961,3e-05
9,26,1.3542534570558376,0.4759928867812685,1.36327478226195,0.47333333333333333,0.4554389141184904,3e-05
9,27,1.3461564236907597,0.4786232957913456,1.3472429691477026,0.48,0.467290921505489,3e-05
9,28,1.3318090167655765,0.48162418494368703,1.353847009070376,0.47733333333333333,0.4566371183409304,3e-05
9,29,1.3245604374397422,0.4886633076467101,1.3482958661749007,0.47833333333333333,0.4652887590085791,3e-05
9,30,1.3178159425043947,0.48814463544754,1.3372051868032901,0.4846666666666667,0.4621177058406838,3e-05
9,31,1.3085707883699245,0.4924422050978068,1.335406204487415,0.49466666666666664,0.47700983923264456,3e-05
9,32,1.3030802381547142,0.4969250148192057,1.3268310668620658,0.49,0.4852439918404605,3e-05
9,33,1.2959322412432088,0.5016671606401897,1.3317164943573323,0.49166666666666664,0.4792692755420286,3e-05
9,34,1.2915805398852904,0.5028156490812092,1.3604385573813256,0.4723333333333333,0.47579409255914934,3e-05
9,35,1.2844311085075,0.5062611144042679,1.3184889910068918,0.49833333333333335,0.4849052857139771,3e-05
9,36,1.2742648080909422,0.5095583876704208,1.3238383518888595,0.48833333333333334,0.47045839304471376,3e-05
9,37,1.2728167407885547,0.5091879075281565,1.3113363714928323,0.49666666666666665,0.4798698457566889,3e-05
9,38,1.2621760691794175,0.5161158861885004,1.3067414963499029,0.49233333333333335,0.4746137218269522,3e-05
9,39,1.251919038064107,0.5170050385299348,1.2983750789723498,0.5043333333333333,0.49584215556561595,3e-05
9,40,1.2488441991297554,0.5218953764078246,1.3120446078320767,0.5063333333333333,0.4906946762764864,3e-05
9,41,1.246597652469201,0.521673088322466,1.3123929145488333,0.5,0.4984889670032127,3e-05
9,42,1.2386964018593467,0.52371072910492,1.2928529927071104,0.5056666666666667,0.5038517882612521,3e-05
9,43,1.2255324174725049,0.5311203319502075,1.2912192889984617,0.499,0.48883898659069563,3e-05
9,44,1.2169923132629756,0.5321576763485477,1.2927671696277374,0.513,0.5038753518093818,3e-05
9,45,1.2167231131221445,0.5316390041493776,1.2834539058360648,0.5096666666666667,0.5011959964649862,3e-05
9,46,1.206980779131442,0.5383076467101363,1.2935051727802196,0.507,0.4974751286663039,3e-05
9,47,1.1999639258565495,0.5440130409010077,1.3040618287756087,0.509,0.49416306472735066,3e-05
9,48,1.190180273417613,0.5477919383521044,1.2831449965213209,0.5153333333333333,0.49561011038791936,3e-05
9,49,1.1828517230201105,0.5479030823947837,1.2849744989516887,0.514,0.51168030108486,3e-05
9,50,1.175483281578498,0.5499036751630113,1.2736835758736793,0.5143333333333333,0.5110158478491772,3e-05
9,51,1.1710591556336643,0.5530898043864849,1.2722582715622923,0.517,0.510686664950563,3e-05
9,52,1.1623344412912124,0.5567575577949022,1.2952514937583437,0.508,0.5092116301009348,3e-05
9,53,1.1521881502386517,0.5610180794309425,1.2826577146002587,0.5216666666666666,0.5117577359778148,3e-05
9,54,1.1492526628677313,0.5617960877296977,1.2607377108107223,0.5306666666666666,0.5200402773852764,3e-05
9,55,1.1426607609077652,0.5640930646117368,1.265848844609362,0.522,0.5191792652345267,3e-05
9,56,1.1381085784796854,0.5663900414937759,1.2713648791008807,0.5176666666666667,0.504817596098869,3e-05
9,57,1.1327054071200402,0.5677237700059277,1.2725344807543653,0.5236666666666666,0.5185710070982037,3e-05
9,58,1.123138391576107,0.5730586840545346,1.2634846466652891,0.5256666666666666,0.5203319967526545,3e-05
9,59,1.1202166184994846,0.5723547717842323,1.28152593399616,0.5123333333333333,0.5092355712709306,3e-05
9,60,1.1057924519500462,0.5816167753408418,1.271159215176359,0.5233333333333333,0.5164788627608977,3e-06
9,61,1.0565722499978485,0.5990293420272673,1.243635779999672,0.53,0.5242228019102767,3e-06
9,62,1.043614873247689,0.6067723770005927,1.2378109655481704,0.5313333333333333,0.527435806327566,3e-06
9,63,1.0310167530419136,0.6116627148784826,1.2417011996533007,0.5333333333333333,0.5258349432731365,3e-06
9,64,1.0273475317875922,0.6129223473621814,1.237413653667937,0.5313333333333333,0.5256486821658602,3e-06
9,65,1.0179495889146182,0.6200726141078838,1.2365591132894476,0.5413333333333333,0.5363061371316517,3e-06
9,66,1.0198554290696908,0.6156268524007114,1.2404836999609115,0.539,0.5320109645241397,3e-06
9,67,1.0157748933934487,0.6197021339656195,1.2384961209398635,0.538,0.5317193276215679,3e-06
9,68,1.0073519981867893,0.6212951985773563,1.239460584965158,0.5373333333333333,0.5326713280190024,3e-06
9,69,1.008353721332776,0.6219620628334321,1.2449533317951447,0.5356666666666666,0.53070557681001,3e-06
9,70,1.004083946982831,0.6178126852400712,1.2372106110796015,0.5426666666666666,0.5388588528535099,3e-06
9,71,1.0056419447417508,0.6237403675163011,1.2371925521404186,0.549,0.5450811414304532,3.0000000000000004e-07
9,72,0.9976043066989754,0.6278156490812092,1.2359885535341628,0.5506666666666666,0.5458277110440977,3.0000000000000004e-07
9,73,0.9926694696548426,0.629149377593361,1.2368262384800202,0.547,0.5418872214747265,3.0000000000000004e-07
9,74,0.9964713478257871,0.6235551274451689,1.2361926690061042,0.547,0.5417935998114534,3.0000000000000004e-07
9,75,0.9938226959434165,0.6258150563129816,1.2379802389347807,0.5466666666666666,0.5414321236017084,3.0000000000000004e-07
9,76,0.9910455902605825,0.6265930646117368,1.2372252750904003,0.547,0.541821784820789,3.0000000000000004e-07
9,77,0.9928305646254553,0.6284084173088322,1.2372079123841955,0.5473333333333333,0.5422784308831541,3.0000000000000004e-07
9,78,0.9905383469651661,0.6254075281564908,1.2374985015138666,0.5453333333333333,0.539691109928436,3.0000000000000004e-08
9,79,0.991872334367291,0.6278897451096621,1.2371839576579156,0.5463333333333333,0.5409035300459321,3.0000000000000004e-08
9,80,0.9932451834328366,0.6269264967397747,1.2372512424245794,0.545,0.539454352925623,3.0000000000000004e-08
9,81,0.9901126593492607,0.6290011855364552,1.2372433530523421,0.5453333333333333,0.5398248341649237,3.0000000000000004e-08
9,82,0.9899282859399985,0.6279267931238885,1.2373620094136988,0.5456666666666666,0.5401547196114412,3.0000000000000004e-08
9,83,0.9906224229889459,0.6278156490812092,1.2370511648502756,0.546,0.5403938013187288,3.0000000000000004e-08
9,84,0.9938697230194418,0.6267412566686426,1.2374096373294263,0.546,0.5403846461954757,3.0000000000000004e-09
9,85,0.9913213570818517,0.6275563129816242,1.2379932226018702,0.546,0.5403846461954757,3.0000000000000004e-09
9,86,0.9947244474108186,0.6252593360995851,1.236780562299363,0.546,0.5403846461954757,3.0000000000000004e-09
9,87,0.9922290322904903,0.6267042086544161,1.2375782601376797,0.5463333333333333,0.5407650930636638,3.0000000000000004e-09
10,1,1.780202017293722,0.26063278008298757,1.7509840802943453,0.272,0.23264256954419876,3e-05
10,2,1.7088153737981173,0.3124259039715471,1.673303150116129,0.34,0.29612026854363477,3e-05
10,3,1.657270318806454,0.338581802015412,1.6270489718051666,0.36133333333333334,0.29016361931182627,3e-05
10,4,1.6182215100781048,0.3645524599881446,1.592261847029341,0.378,0.3112623256137784,3e-05
10,5,1.5851242878425742,0.380334914048607,1.5555294346302113,0.39866666666666667,0.3608997495353844,3e-05
10,6,1.5642193691425414,0.3896339656194428,1.544631909816823,0.4043333333333333,0.3538986695443214,3e-05
10,7,1.5400888332258469,0.3982661529342027,1.5203571750762614,0.41533333333333333,0.38790007882374417,3e-05
10,8,1.5227146996141045,0.40749110847658565,1.487521399842932,0.41933333333333334,0.4077646966342341,3e-05
10,9,1.5030230862834442,0.41449318316538236,1.5101526214721355,0.412,0.3908844697789673,3e-05
10,10,1.4862141761734586,0.4218657379964434,1.4603067129216296,0.43066666666666664,0.3966921193931582,3e-05
10,11,1.4710444090490657,0.4254223473621814,1.4443670029335833,0.443,0.41011367299566276,3e-05
10,12,1.4579407259186297,0.4342027267338471,1.4468695711582265,0.44733333333333336,0.4280863143865729,3e-05
10,13,1.4449347918632471,0.43883372851215174,1.4492472359474668,0.44633333333333336,0.4187554741331143,3e-05
10,14,1.4290573274919771,0.44231624184943685,1.432548517876483,0.44633333333333336,0.4369368277885848,3e-05
10,15,1.4208135980565402,0.4488366923532899,1.4103251670269257,0.4533333333333333,0.4235639731204952,3e-05
10,16,1.4118214704414114,0.45180053349140487,1.4246835252071948,0.45966666666666667,0.4539167405795268,3e-05
10,17,1.3972531167251805,0.4580986959098992,1.403666838686517,0.459,0.4273222683808213,3e-05
10,18,1.3841124877545505,0.46032157676348545,1.4045027418339506,0.4613333333333333,0.42855570625876466,3e-05
10,19,1.3768930717667132,0.4669902193242442,1.3747752549800467,0.4706666666666667,0.44395709700415903,3e-05
10,20,1.369258428354399,0.46858328393598103,1.4433165915468906,0.44066666666666665,0.4048513861600223,3e-05
10,21,1.3543863686340114,0.4748073503260225,1.3585356702195837,0.47733333333333333,0.4620201278809815,3e-05
10,22,1.343766392972232,0.48114256075874334,1.3729654905643869,0.4663333333333333,0.4386856529157153,3e-05
10,23,1.3336944767931627,0.48303200948429165,1.3680526525416272,0.477,0.4621520160212824,3e-05
10,24,1.3242291590613777,0.48840397154712506,1.3410505614382155,0.477,0.45026095589627585,3e-05
10,25,1.3119957000723381,0.49177534084173086,1.3685327819053164,0.469,0.4334700885213251,3e-05
10,26,1.3042934322244184,0.496443390634262,1.3310447094288278,0.484,0.46829518163497574,3e-05
10,27,1.2960927566928322,0.49836988737403676,1.330934925282255,0.48833333333333334,0.46217707410658243,3e-05
10,28,1.2838489861002464,0.5074466508595139,1.3310615128659187,0.49066666666666664,0.4736939310893597,3e-05
10,29,1.2758000823558788,0.5113366923532898,1.3251772814608636,0.481,0.4530684526712057,3e-05
10,30,1.268189650293775,0.5122258446947243,1.2995318580181041,0.498,0.4816559981085981,3e-05
10,31,1.262505086394848,0.5173014226437463,1.3212644648044667,0.477,0.4599868644611826,3e-05
10,32,1.2517348919152083,0.5179312388855958,1.2966063174795597,0.503,0.49164132336552535,3e-05
10,33,1.2358092366236646,0.5226363366923533,1.298232413352804,0.49266666666666664,0.4820697178219755,3e-05
10,34,1.2310977665733953,0.5281564908120925,1.295768971138812,0.495,0.48195752583580975,3e-05
10,35,1.222230070151424,0.529304979253112,1.3029941396510347,0.49933333333333335,0.4914340527834248,3e-05
10,36,1.2159168896799404,0.5325281564908121,1.2733340643821878,0.501,0.4905296437579518,3e-05
10,37,1.2017467195671316,0.5354179016004742,1.310601162149551,0.49,0.4794750938090602,3e-05
10,38,1.2062092440388215,0.5366404860699466,1.286238781949307,0.501,0.4773005688087275,3e-05
10,39,1.1917521971944385,0.546161825726141,1.2754083491386252,0.5016666666666667,0.47891931503834384,3e-05
10,40,1.1766551628496975,0.5478289863663308,1.2825456959135988,0.498,0.49574873591080376,3e-05
10,41,1.1680634017521736,0.5534232365145229,1.2600052103083184,0.5173333333333333,0.5023681353991537,3e-05
10,42,1.1634951851096764,0.5524970361588619,1.2825890830222597,0.5073333333333333,0.504579869259689,3e-05
10,43,1.1574134812535832,0.5554238292827505,1.2535095468480537,0.5086666666666667,0.4968972070718662,3e-05
10,44,1.15160154392369,0.5570539419087137,1.2476899141960955,0.5163333333333333,0.5102423075731255,3e-05
10,45,1.1390454317156173,0.5669828097213989,1.2566096313456272,0.523,0.5177264504674961,3e-05
10,46,1.1268016458687624,0.5673903378778897,1.2588846138183107,0.522,0.5115919130193798,3e-05
10,47,1.11878724360918,0.5740960284528749,1.2399558450313324,0.5236666666666666,0.5088889762674028,3e-05
10,48,1.108657814880118,0.5813944872554832,1.2496372512046328,0.5176666666666667,0.5108543458598438,3e-05
10,49,1.1051469877432873,0.5798384706579728,1.2542831529962255,0.521,0.5171579659189646,3e-05
10,50,1.0936874104619592,0.5820243034973326,1.2651898201475753,0.517,0.5119243449389279,3e-05
10,51,1.0795086663198696,0.5926570835803201,1.2503798033328766,0.526,0.5217701269922942,3e-05
10,52,1.0740597835649246,0.5925088915234143,1.2383605913912996,0.5323333333333333,0.5258616019014198,3e-05
10,53,1.0642117634768735,0.5966953171310018,1.2605359681109165,0.5266666666666666,0.5213017326994488,3e-05
10,54,1.0605070581085874,0.5973621813870776,1.2532215676409133,0.5216666666666666,0.518004819094696,3e-05
10,55,1.0473754497783443,0.6039567279193835,1.2526605674561033,0.527,0.5246888537274123,3e-05
10,56,1.0397786855415145,0.6070687611144042,1.243906633651003,0.5373333333333333,0.5330827152787931,3e-05
10,57,1.0259014643481557,0.6108476585655009,1.2459393384608817,0.53,0.5196229614561673,3e-05
10,58,1.020631650895304,0.6157379964433907,1.2654884685861303,0.526,0.5095767633115034,3e-06
10,59,0.952332434213557,0.6424496147006521,1.2264639912767614,0.538,0.5318195009500775,3e-06
10,60,0.9212327578338967,0.6571206283343213,1.2275081657348794,0.5416666666666666,0.5353677781794739,3e-06
10,61,0.9157631363348938,0.6581209247184351,1.2317746560624305,0.5383333333333333,0.5325665359330678,3e-06
10,62,0.9094201515636173,0.659973325429757,1.2286107945949474,0.5436666666666666,0.5373679836986525,3e-06
10,63,0.9055081062124803,0.6628260225251926,1.2318066472702838,0.546,0.5410588251111504,3e-06
10,64,0.9001752705935618,0.66378927089508,1.2361219601428255,0.5373333333333333,0.5331137687734526,3e-06
10,65,0.8937348106178628,0.6659380557202134,1.2345590388521235,0.543,0.538264087600142,3.0000000000000004e-07
10,66,0.8838594746533164,0.6691982809721398,1.2352304243026895,0.5406666666666666,0.5363135274542347,3.0000000000000004e-07
10,67,0.8832107307786625,0.668197984588026,1.2343328607843278,0.541,0.5367677158326765,3.0000000000000004e-07
10,68,0.8788929992659962,0.6710877296976882,1.2350004467558353,0.543,0.5386177556347361,3.0000000000000004e-07
10,69,0.8820691944863559,0.6713100177830468,1.234606405521961,0.544,0.5386019666814742,3.0000000000000004e-07
10,70,0.8777952319920346,0.6759039715471251,1.2367446245031153,0.542,0.5375311967514803,3.0000000000000004e-07
10,71,0.8822327555638354,0.6728660343805573,1.2345421301557662,0.5426666666666666,0.5376680206468789,3.0000000000000004e-08
10,72,0.8800856927277353,0.6732365145228216,1.2358807705818338,0.5426666666666666,0.5376680206468789,3.0000000000000004e-08
10,73,0.8757468668205478,0.6726437462951986,1.235512318763327,0.543,0.5380852887485503,3.0000000000000004e-08
10,74,0.8778357145628093,0.669383521043272,1.2356257781069329,0.543,0.5379785797000062,3.0000000000000004e-08
11,1,1.7676440333303116,0.2696724955542383,1.723088708329708,0.29833333333333334,0.21195256728898368,3e-05
11,2,1.687579401296462,0.32568909306461175,1.6346290745633714,0.3626666666666667,0.3074416993688503,3e-05
11,3,1.6346334911070728,0.3545124481327801,1.5953167930562446,0.38066666666666665,0.3256932365814227,3e-05
11,4,1.607624294068576,0.37018375815056315,1.5700835674367053,0.38433333333333336,0.3417222798301051,3e-05
11,5,1.5779251973210917,0.3822614107883817,1.5477193949070382,0.405,0.3610688895670814,3e-05
11,6,1.5625887504686111,0.39137522228808536,1.5700024746833963,0.3913333333333333,0.32961765936541787,3e-05
11,7,1.5441328965092158,0.3963026081802015,1.535854271117677,0.405,0.3509865549338862,3e-05
11,8,1.5321410518686918,0.40204505038529936,1.506018892247626,0.422,0.4009351615782856,3e-05
11,9,1.5148270308123946,0.41134410195613513,1.513291800275762,0.415,0.3921349451357921,3e-05
11,10,1.5027929863658562,0.4133817427385892,1.4960956446667935,0.4196666666666667,0.40294003759336344,3e-05
11,11,1.4896438799763179,0.42075429756965027,1.4770371330545304,0.4256666666666667,0.4195068685573506,3e-05
11,12,1.4778060215344362,0.4240515708358032,1.466640571330456,0.43633333333333335,0.41050756327888316,3e-05
11,13,1.4627245497929542,0.4308684054534677,1.4718597214272682,0.43166666666666664,0.4251578824371824,3e-05
11,14,1.4516435163845949,0.4403897451096621,1.4616961834278512,0.43933333333333335,0.41584641103199094,3e-05
11,15,1.443015757330221,0.44150118553645523,1.4404681312276961,0.444,0.43776903984845805,3e-05
11,16,1.4288099634138893,0.4458728512151749,1.416567031373369,0.445,0.42071591313127327,3e-05
11,17,1.4196757106419424,0.44661381149970364,1.4071932244808116,0.455,0.43030517721603634,3e-05
11,18,1.4034639181683979,0.4556164789567279,1.4296440317275676,0.4523333333333333,0.4265535760442243,3e-05
11,19,1.3992479813607384,0.4582839359810314,1.3993463034325457,0.4663333333333333,0.4515512708499838,3e-05
11,20,1.3833946642152506,0.46524896265560167,1.3889307214858684,0.4676666666666667,0.448105406620594,3e-05
11,21,1.3766549413238092,0.46917605216360403,1.3915907372819616,0.46166666666666667,0.4288440856220181,3e-05
11,22,1.364841325023163,0.4677682276229994,1.377620078147726,0.471,0.45510234932347543,3e-05
11,23,1.3615431607617021,0.47217694131594545,1.3824638965282035,0.4643333333333333,0.4419645948670693,3e-05
11,24,1.3498946504570297,0.4794383521043272,1.3783359400769497,0.46366666666666667,0.431270641544666,3e-05
11,25,1.3408130328237162,0.4816982809721399,1.3645814936211769,0.472,0.44002965304377056,3e-05
11,26,1.3323773301043216,0.4870702430349733,1.3583380820903372,0.4723333333333333,0.45603776698995957,3e-05
11,27,1.3192285364273035,0.4909973325429757,1.353508284751405,0.478,0.45763497408655757,3e-05
11,28,1.3159965163723553,0.4929608772969769,1.3411201416177954,0.472,0.4533081538018495,3e-05
11,29,1.308761525210611,0.4920346769413159,1.3586384311635444,0.47633333333333333,0.46690559930999853,3e-05
11,30,1.2974618612589994,0.4965174866627149,1.3543951562110415,0.473,0.44812165950963784,3e-05
11,31,1.287956157708055,0.5047791938352104,1.3408894335969965,0.48033333333333333,0.46260234115990095,3e-05
11,32,1.2786868345963447,0.5061129223473622,1.3353885843398723,0.479,0.4602704672261624,3e-05
11,33,1.2739121767016948,0.5108180201541197,1.319311649241346,0.48133333333333334,0.47004560508466653,3e-05
11,34,1.2655709512990798,0.5121517486662714,1.3295980412909325,0.48733333333333334,0.4772625597184723,3e-05
11,35,1.2582404541460823,0.5141152934202726,1.329624962299428,0.476,0.4686005246512696,3e-05
11,36,1.2542854959930854,0.5176719027860107,1.3138217114387674,0.49233333333333335,0.48170866287475594,3e-05
11,37,1.2433396031223767,0.5279712507409603,1.3229225975401857,0.49133333333333334,0.4703671852583503,3e-05
11,38,1.232810720165759,0.5310091879075282,1.30641511653332,0.5003333333333333,0.4919916527218592,3e-05
11,39,1.2266468671260853,0.5300459395376408,1.3300256247216082,0.48633333333333334,0.4732742556454276,3e-05
11,40,1.2177046870733323,0.5336766449318316,1.3067866994979533,0.49866666666666665,0.4882233188561224,3e-05
11,41,1.2140777596930192,0.5346769413159455,1.2999370224932407,0.49966666666666665,0.4893503476553495,3e-05
11,42,1.2026032155723934,0.5409010077059869,1.300946441102535,0.502,0.48860849530643324,3e-05
11,43,1.1886037081056298,0.544124184943687,1.3044001777121361,0.4856666666666667,0.47456122116309296,3e-05
11,44,1.1825513137742807,0.5479771784232366,1.3164384644082252,0.48966666666666664,0.4787905004625976,3e-05
11,45,1.1815416901879967,0.5510151155898044,1.298108159227574,0.49566666666666664,0.4885965832914864,3e-05
11,46,1.165833220238934,0.5536455245998815,1.2916724149216996,0.506,0.4973985949793018,3e-05
11,47,1.1669510004079737,0.5527193242442205,1.29488205909729,0.5003333333333333,0.48864720994473676,3e-05
11,48,1.1591757768985784,0.5574614700652045,1.2934310892794996,0.5023333333333333,0.49944671527415613,3e-05
11,49,1.1439588036017396,0.5632409602845287,1.3027291424730991,0.501,0.4972834946645126,3e-05
11,50,1.140532793168208,0.5652045050385299,1.2898367440446894,0.501,0.48775720040004256,3e-05
11,51,1.128292921030126,0.571391523414345,1.288449652651523,0.5076666666666667,0.4979269538844463,3e-05
11,52,1.1217957403140046,0.5735773562537048,1.312240868172747,0.49433333333333335,0.49260333846092436,3e-05
11,53,1.110471204700063,0.5755779490219324,1.2883753573640864,0.5156666666666667,0.5027220937171835,3e-05
11,54,1.1111363724792174,0.5783565500889153,1.2753958854269474,0.5163333333333333,0.5070368719470867,3e-05
11,55,1.0967932603370523,0.5850622406639004,1.292853499980683,0.5066666666666667,0.5043469749488527,3e-05
11,56,1.0876749217227737,0.5892857142857143,1.3101801212797775,0.505,0.49357766557897403,3e-05
11,57,1.0746524694124104,0.5907676348547718,1.2824637585497918,0.5226666666666666,0.5096345455058707,3e-05
11,58,1.0778602850380667,0.5931016597510373,1.291042504158426,0.5166666666666667,0.50507546778314,3e-05
11,59,1.0645200084735997,0.5949911084765857,1.281130830024151,0.5243333333333333,0.5158179239763362,3e-05
11,60,1.0469851267846275,0.6042901600474214,1.2981441655057542,0.5143333333333333,0.5044215324591574,3e-06
11,61,0.9974429748634591,0.6293716656787196,1.266398584589045,0.5203333333333333,0.5144398424593876,3e-06
11,62,0.967462436141561,0.6360773562537048,1.2693727181312886,0.5256666666666666,0.5210862248016754,3e-06
11,63,0.9603780242504102,0.6420050385299348,1.2716480493545532,0.522,0.5181967767499221,3e-06
11,64,0.954000399434736,0.6444131594546533,1.2689829341908718,0.5226666666666666,0.5163368734992733,3e-06
11,65,0.9494794286540335,0.6473770005927683,1.2754989697578105,0.5256666666666666,0.521128166819272,3e-06
11,66,0.9466135836608037,0.6479327208061648,1.2773449458974473,0.5243333333333333,0.5170979015516719,3e-06
11,67,0.9301752226330092,0.6530082987551867,1.28179835512283,0.523,0.5166476108955027,3.0000000000000004e-07
11,68,0.9287961112661949,0.6532676348547718,1.2788959665501372,0.5256666666666666,0.5209240494970866,3.0000000000000004e-07
11,69,0.9359502251396812,0.6504149377593361,1.2785491055630622,0.526,0.5211733870020734,3.0000000000000004e-07
11,70,0.9269558550057253,0.65463841138115,1.2785649921031708,0.526,0.5213005736496134,3.0000000000000004e-07
11,71,0.9273396291156516,0.6544161232957914,1.2789324661518664,0.5223333333333333,0.5176948281833461,3.0000000000000004e-07
11,72,0.9289263842795132,0.6539344991108477,1.2792771610807865,0.521,0.5159744580904282,3.0000000000000004e-07
11,73,0.931391795664602,0.6542308832246592,1.2786438820209909,0.5246666666666666,0.5196309637388102,3.0000000000000004e-08
11,74,0.9267513784469587,0.6545643153526971,1.2786596594972814,0.526,0.5209830555098619,3.0000000000000004e-08
11,75,0.9242839604192435,0.6567501481920569,1.2782559432881944,0.526,0.5209830555098619,3.0000000000000004e-08
11,76,0.9190270828692269,0.6560091879075282,1.2781909805663088,0.5256666666666666,0.5206376534888363,3.0000000000000004e-08
12,1,1.7785680726241162,0.26118850029638413,1.7379949042137632,0.28833333333333333,0.21748703789188245,3e-05
12,2,1.681783312869863,0.3289122703023118,1.6403994661696413,0.36233333333333334,0.30608739095857385,3e-05
12,3,1.6291756737288705,0.36192205097806757,1.6157258596826107,0.36533333333333334,0.34155479138865136,3e-05
12,4,1.5962262373964933,0.37307350326022526,1.5866181419250813,0.383,0.31694684020953773,3e-05
12,5,1.5660780493117057,0.38841138114997037,1.5254507673547624,0.407,0.37210441318651144,3e-05
12,6,1.5468723457571454,0.3956727919383521,1.5233063368087119,0.41833333333333333,0.39481255069318333,3e-05
12,7,1.528683981059287,0.39863663307646713,1.5077031140631818,0.415,0.3892940426069094,3e-05
12,8,1.5058252853804854,0.41393746295198575,1.477962313814366,0.42633333333333334,0.3875058429994634,3e-05
12,9,1.48831782182811,0.41745702430349735,1.4979681359960677,0.427,0.4247371228380565,3e-05
12,10,1.4761452700289506,0.4261633076467101,1.4494557837222486,0.44033333333333335,0.4130278158016506,3e-05
12,11,1.457725464167753,0.4335358624777712,1.4537057090312877,0.43566666666666665,0.3977084269490789,3e-05
12,12,1.4427947746633918,0.4370924718435092,1.461223285248939,0.435,0.40358082970735565,3e-05
12,13,1.4295546062184736,0.44150118553645523,1.4200527211453051,0.449,0.43533162113068713,3e-05
12,14,1.413178942214821,0.4504668049792531,1.4056775367006342,0.4656666666666667,0.4347319298094829,3e-05
12,15,1.4043849864842202,0.45298606994665086,1.4055506193891485,0.4573333333333333,0.4401824100224396,3e-05
12,16,1.3884716875745222,0.46072910491997626,1.396501160682516,0.453,0.44623164483690775,3e-05
12,17,1.3702237885710187,0.47147302904564314,1.3905427506629457,0.46,0.4419786638044616,3e-05
12,18,1.3602602066586933,0.47206579727326614,1.361329177592663,0.478,0.46016048698925743,3e-05
12,19,1.3513219054276344,0.47632631890930643,1.3540948198196736,0.484,0.4601126081498522,3e-05
12,20,1.3385902188400522,0.48084617664493184,1.3527452286253585,0.47933333333333333,0.46409410159877984,3e-05
12,21,1.3245705674044894,0.48851511558980437,1.3423996757953724,0.4836666666666667,0.4728777165523102,3e-05
12,22,1.307848215385636,0.4980364552459988,1.3239650244408465,0.49133333333333334,0.4794267627964747,3e-05
12,23,1.298035238873902,0.5006668642560759,1.3542221125136031,0.47633333333333333,0.46547828916147543,3e-05
12,24,1.2885467979297818,0.5047050978067575,1.3288481489140938,0.4846666666666667,0.4736963124811903,3e-05
12,25,1.2789153047082549,0.5072614107883817,1.3365818794737472,0.47733333333333333,0.4623026093044482,3e-05
12,26,1.2618504192026871,0.5156713100177831,1.3250500471033948,0.49866666666666665,0.4745661428325573,3e-05
12,27,1.257153741415078,0.5159306461173682,1.303486078343493,0.49166666666666664,0.48178252127590643,3e-05
12,28,1.246426060442676,0.5191167753408418,1.3007987027472638,0.499,0.489042874354129,3e-05
12,29,1.2328212724477758,0.5247110254890338,1.321165439930368,0.49066666666666664,0.4839266898325475,3e-05
12,30,1.2243412983078528,0.5311203319502075,1.3287041948196736,0.4846666666666667,0.4748799819869879,3e-05
12,31,1.2125090299906889,0.5327874925903971,1.2951873337968867,0.49466666666666664,0.4896995990419518,3e-05
12,32,1.2026674265827613,0.5370480142264374,1.3008834351884557,0.5036666666666667,0.49228522916002215,3e-05
12,33,1.1924944976212288,0.5389745109662122,1.282144064598895,0.5113333333333333,0.5011064432312446,3e-05
12,34,1.176543189592271,0.5475326022525193,1.2938585687190929,0.501,0.5006272456395982,3e-05
12,35,1.1657888250893327,0.551570835803201,1.274179604459316,0.514,0.5026948607461917,3e-05
12,36,1.1607743282736196,0.5570539419087137,1.2534426729729835,0.5163333333333333,0.5052529313928421,3e-05
12,37,1.1415663789516377,0.5638707765263782,1.2592573698530807,0.5176666666666667,0.5068497552547118,3e-05
12,38,1.1381866334456403,0.5642042086544161,1.266520285860021,0.5113333333333333,0.5051082903186367,3e-05
12,39,1.1284961929253492,0.5662048014226437,1.2437407108063394,0.523,0.5140698857612067,3e-05
12,40,1.1143956992298505,0.5742812685240071,1.278524857886294,0.5133333333333333,0.5102636479553446,3e-05
12,41,1.10591201251152,0.5779860699466508,1.2685183058393763,0.5183333333333333,0.5094507204689447,3e-05
12,42,1.0973363347810592,0.584173088322466,1.241112693827203,0.5283333333333333,0.5233441672361996,3e-05
12,43,1.0813292226802682,0.5901378186129224,1.2759197595271659,0.5173333333333333,0.5182104173781581,3e-05
12,44,1.0737446015480006,0.5936944279786603,1.2540940655038713,0.525,0.5190445150626103,3e-05
12,45,1.0596176383054652,0.5996221102548903,1.2515627133085372,0.531,0.5330677084592724,3e-05
12,46,1.04679739334007,0.6053275044457617,1.2427020630937942,0.5223333333333333,0.5148599459839702,3e-05
12,47,1.0321270946360313,0.6079949614700652,1.2396256720766108,0.5263333333333333,0.5221321235419025,3e-05
12,48,1.0235727158202945,0.6164789567279194,1.26053035639702,0.5343333333333333,0.5239457403487938,3e-05
12,49,1.0126622985889562,0.6179238292827505,1.2631419250305662,0.5233333333333333,0.5128029403564622,3e-05
12,50,0.9990379734061906,0.6236662714878483,1.2543084672156801,0.523,0.5220635960601259,3e-05
12,51,0.9907084861637857,0.624407231772377,1.2424829272513693,0.5333333333333333,0.5274925178467492,3e-05
12,52,0.9770243768160942,0.6301867219917012,1.2316926540212427,0.5386666666666666,0.5334835305190039,3e-05
12,53,0.9623318715683092,0.6374110847658565,1.2779129870394443,0.535,0.5196312792281457,3e-05
12,54,0.9549492289669705,0.6416716064018969,1.26790792003591,0.529,0.5268402002106104,3e-05
12,55,0.9429938677362921,0.6451170717249556,1.259915108376361,0.5366666666666666,0.5301684056211547,3e-05
12,56,0.92709435247132,0.6544902193242442,1.2478980117655816,0.544,0.5391615928334768,3e-05
12,57,0.9191212210610015,0.6551200355660937,1.2698673643964402,0.5386666666666666,0.536688683741263,3e-05
12,58,0.8989753570601838,0.6617516301126259,1.2925131929681657,0.5316666666666666,0.5306640729204609,3e-06
12,59,0.822034143864826,0.6934647302904564,1.2540972930319765,0.5483333333333333,0.5453990780134613,3e-06
12,60,0.7941198378660103,0.7076170717249556,1.259526621788106,0.549,0.5456580530011537,3e-06
12,61,0.7791028106805837,0.7131372258446947,1.2678553487392181,0.545,0.5421301757778764,3e-06
12,62,0.7698017190700459,0.714174570243035,1.2724620750609865,0.547,0.5449653765155441,3e-06
12,63,0.7640152097595811,0.7206209247184351,1.2823333955825644,0.5513333333333333,0.5489472653359433,3e-06
12,64,0.7571173819461705,0.7220657972732661,1.2904818451150935,0.5496666666666666,0.54800900243464,3.0000000000000004e-07
12,65,0.7373533330116226,0.7264004149377593,1.288123885367779,0.5483333333333333,0.5457612412886916,3.0000000000000004e-07
12,66,0.7394183698282423,0.7296976882039122,1.2884362314609772,0.5466666666666666,0.5436849618432045,3.0000000000000004e-07
12,67,0.7373491108982484,0.7269561351511559,1.2884114181741755,0.546,0.5430008723349191,3.0000000000000004e-07
13,1,1.7622961565781543,0.2726733847065797,1.676969769153189,0.33066666666666666,0.25463261651090185,3e-05
13,2,1.667723204569794,0.33776674570243037,1.6305539937729532,0.365,0.3080438252716196,3e-05
13,3,1.6247323466138253,0.3592916419679905,1.5795814762724207,0.38366666666666666,0.3446654986069561,3e-05
13,4,1.601205875805769,0.37437018375815057,1.5606418213945754,0.393,0.344475460167793,3e-05
13,5,1.5712519714617617,0.38918938944872555,1.5748596800134538,0.39366666666666666,0.3245677973672024,3e-05
13,6,1.552875484335479,0.391597510373444,1.5172083327110777,0.419,0.39259890499085487,3e-05
13,7,1.5370658782986104,0.4026007705986959,1.5191325760902243,0.421,0.3837224062090401,3e-05
13,8,1.5208264981965882,0.40760225251926496,1.4908699152317453,0.4266666666666667,0.3894754853617664,3e-05
13,9,1.5058987360994962,0.41134410195613513,1.4897866959267474,0.429,0.38447157275036753,3e-05
13,10,1.4931313855953126,0.41686425607587435,1.4761991957400709,0.43666666666666665,0.4128965299024086,3e-05
13,11,1.4778523518575877,0.4225696502667457,1.4560295952127336,0.43866666666666665,0.4096892803573598,3e-05
13,12,1.4644050736562901,0.42879371665678717,1.4591987335935552,0.442,0.41746699329852843,3e-05
13,13,1.4512207347069872,0.4349066390041494,1.4560746892969658,0.44366666666666665,0.4059772735416647,3e-05
13,14,1.4397063136665742,0.44124184943687017,1.4162955081209223,0.4583333333333333,0.4341861564048756,3e-05
13,15,1.4263645000932341,0.44661381149970364,1.4415811985097033,0.444,0.43087994347447806,3e-05
13,16,1.4133601699960174,0.44950355660936575,1.403790217764834,0.4643333333333333,0.4352626944097075,3e-05
13,17,1.398016573128542,0.45854327208061646,1.4041073525205572,0.4533333333333333,0.4479502181306072,3e-05
13,18,1.3917882134564115,0.4620257854179016,1.3863152265548706,0.475,0.4484520889294777,3e-05
13,19,1.3855697218840721,0.46335951393005337,1.3796003625748006,0.47,0.4519466360684008,3e-05
13,20,1.3738144816945514,0.4670643153526971,1.3834220120247374,0.471,0.4494119225621504,3e-05
13,21,1.3656564753202465,0.47110254890337877,1.369811106235423,0.475,0.45804417032943684,3e-05
13,22,1.3467728371303793,0.48136484884410197,1.362300401038312,0.47633333333333333,0.4657608392893667,3e-05
13,23,1.344110232111402,0.47966064018968585,1.3434741344857724,0.4766666666666667,0.47090221979297486,3e-05
13,24,1.336908296103726,0.4818835210432721,1.3538574893423851,0.4706666666666667,0.45415306304055914,3e-05
13,25,1.3238767112883347,0.48751481920569056,1.3369375568755129,0.486,0.46898071971930494,3e-05
13,26,1.311586840457826,0.49696206283343214,1.340553641319275,0.4796666666666667,0.4588142541613474,3e-05
13,27,1.3052802946047761,0.4972213989330172,1.35485836292835,0.4796666666666667,0.47565629448480923,3e-05
13,28,1.2951517562730617,0.5022599288678127,1.3372103965028803,0.48533333333333334,0.4771807758447431,3e-05
13,29,1.2851537620004319,0.5032231772377,1.3273574164573183,0.48933333333333334,0.4804342808876664,3e-05
13,30,1.279705251562652,0.507113218731476,1.3153617889323133,0.487,0.4794531309692636,3e-05
13,31,1.2692184859259998,0.5095954356846473,1.3206743001937866,0.4816666666666667,0.4721780425025654,3e-05
13,32,1.2558964288912677,0.5184128630705395,1.329728699745016,0.49166666666666664,0.47574441678387236,3e-05
13,33,1.245811630340549,0.5177459988144636,1.3124196909843606,0.49766666666666665,0.49578279946680814,3e-05
13,34,1.2421103882563622,0.5241553052756373,1.3075933659330328,0.4796666666666667,0.4613954910309033,3e-05
13,35,1.226050892288651,0.5280082987551867,1.2887718043428786,0.5023333333333333,0.4916553699884218,3e-05
13,36,1.2255257853964494,0.5299347954949615,1.3163792681186757,0.4886666666666667,0.4819952415982695,3e-05
13,37,1.206070423832437,0.5398636633076467,1.2910011651668143,0.504,0.49105810595477395,3e-05
13,38,1.2067909646090738,0.5384558387670421,1.2942058152340827,0.501,0.48917624757968886,3e-05
13,39,1.1941550311884044,0.5438278008298755,1.2839611438994711,0.5063333333333333,0.5002041583873224,3e-05
13,40,1.1875676593226845,0.5421606401896858,1.3088361164356799,0.48833333333333334,0.4764790663478064,3e-05
13,41,1.1801816559798344,0.546495257854179,1.2908611779517316,0.5016666666666667,0.4892280378999761,3e-05
13,42,1.171956456668004,0.5530527563722585,1.281245358446811,0.49866666666666665,0.4995695950755447,3e-05
13,43,1.1542486426954586,0.559869590989923,1.2889194945071607,0.5083333333333333,0.49974181177283494,3e-05
13,44,1.1520007437721813,0.5593879668049793,1.2743752814353781,0.5133333333333333,0.5062998953637072,3e-05
13,45,1.1429043102885874,0.5629075281564908,1.272604617666691,0.5116666666666667,0.5085594804412352,3e-05
13,46,1.1358986713027501,0.5646858328393598,1.2744060374320823,0.519,0.5122510083789105,3e-05
13,47,1.1214872731416712,0.5732809721398933,1.290615438146794,0.5063333333333333,0.5037183255932318,3e-05
13,48,1.1149033549555105,0.5731327800829875,1.2540710238700217,0.5256666666666666,0.515797718225792,3e-05
13,49,1.105069252269528,0.5798755186721992,1.2690811727909332,0.5113333333333333,0.4951635559671255,3e-05
13,50,1.092654681318744,0.5812833432128038,1.2603501855058874,0.526,0.5195992723760708,3e-05
13,51,1.0883965406090161,0.5872110254890338,1.2743863273174205,0.5126666666666667,0.5061842673379015,3e-05
13,52,1.0745103390295923,0.5922866034380557,1.2873837072798546,0.5186666666666667,0.5080860535960832,3e-05
13,53,1.060789514209422,0.5989922940130409,1.2680030579262591,0.5236666666666666,0.514042096532987,3e-05
13,54,1.0553293606681282,0.6009558387670421,1.2679535188573472,0.519,0.5096618208169879,3e-06
13,55,0.9976753095314966,0.622628927089508,1.2414037889622627,0.5253333333333333,0.5199262358388955,3e-06
13,56,0.9753430718776739,0.6369294605809128,1.2429598392324244,0.531,0.5256114845876649,3e-06
13,57,0.958840859727272,0.6393375815056312,1.2487342611272285,0.5323333333333333,0.5280936620675808,3e-06
13,58,0.957233657627874,0.639485773562537,1.2494636101925627,0.5283333333333333,0.5244119575373583,3e-06
13,59,0.9536095925416992,0.6446354475400119,1.2524800617644127,0.5293333333333333,0.5250389407052897,3e-06
13,60,0.9452073123500245,0.6465248962655602,1.2573471475154796,0.5313333333333333,0.5251005409863201,3e-06
13,61,0.9381723706191185,0.6484884410195614,1.2607011642861874,0.528,0.5259095751681937,3.0000000000000004e-07
13,62,0.9290692262457445,0.6523043864848844,1.258703058070325,0.5266666666666666,0.5217766305043106,3.0000000000000004e-07
13,63,0.9258888493781972,0.6550829875518672,1.2591255408652284,0.527,0.5221239591799077,3.0000000000000004e-07
13,64,0.9321562560248714,0.6540826911677534,1.2583594398295626,0.5286666666666666,0.5238947272654814,3.0000000000000004e-07
13,65,0.9253078487247087,0.6539715471250741,1.258623608883391,0.5313333333333333,0.5269564747008204,3.0000000000000004e-07
13,66,0.9284832688021999,0.6513781861292235,1.2584965571444084,0.5326666666666666,0.5285498974445477,3.0000000000000004e-07
13,67,0.9234330621658343,0.6530453467694132,1.2570772805112473,0.5306666666666666,0.5255586057481364,3.0000000000000004e-08
13,68,0.9286040015412733,0.6499703615886189,1.2579340300661452,0.5306666666666666,0.5256127562485253,3.0000000000000004e-08
13,69,0.919842357742843,0.6554164196799052,1.2574708639307226,0.531,0.526005540161366,3.0000000000000004e-08
13,70,0.9252708353702491,0.6540085951393005,1.2572744146306465,0.5306666666666666,0.5257257173803948,3.0000000000000004e-08
14,1,1.7742977995443119,0.2700800237107291,1.702814868155946,0.319,0.27227870109800406,3e-05
14,2,1.6739276904630436,0.33343212803793715,1.62799523231831,0.35633333333333334,0.29577131450808125,3e-05
14,3,1.6220479590632904,0.360180794309425,1.5754841642176851,0.38466666666666666,0.3295217903867466,3e-05
14,4,1.5866177596187139,0.37803793716656786,1.5893681404438424,0.381,0.3346274259289185,3e-05
14,5,1.5582975572884366,0.38967101363366924,1.5411605733506224,0.3993333333333333,0.3417038997347394,3e-05
14,6,1.5362747811593152,0.39871072910492,1.501186763986628,0.41833333333333333,0.3888829406058788,3e-05
14,7,1.5170289701760098,0.40541641967990516,1.4988581855246361,0.4206666666666667,0.36852990901293864,3e-05
14,8,1.4990103922749018,0.4160121517486663,1.5126474106565435,0.416,0.3670860939224661,3e-05
14,9,1.4830645096810509,0.42353289863663307,1.4995143388180023,0.423,0.3784415141331894,3e-05
14,10,1.475290946485872,0.4239774748073503,1.4876184488864654,0.418,0.36320241697760236,3e-05
14,11,1.4550418743590043,0.433350622406639,1.4405109755536343,0.44233333333333336,0.4128501932687081,3e-05
14,12,1.4357191154742128,0.43964878482513337,1.4459137891201264,0.45366666666666666,0.41858691359941697,3e-05
14,13,1.428100675203224,0.4443538826318909,1.4357454396308738,0.44733333333333336,0.42072731208347325,3e-05
14,14,1.4091544555261801,0.45317131001778305,1.4004201001309333,0.4666666666666667,0.43297383648871823,3e-05
14,15,1.3949817786284533,0.45943242442205096,1.4193152239982119,0.455,0.4198299928983798,3e-05
14,16,1.3797373020253476,0.46454505038529936,1.374425860161477,0.465,0.45536008021895774,3e-05
14,17,1.3719966541534352,0.4665826911677534,1.4089719640447738,0.459,0.4518643547720889,3e-05
14,18,1.3581680180902165,0.4732883817427386,1.40558626803946,0.453,0.4337939758960409,3e-05
14,19,1.344996020974706,0.4784380557202134,1.3747564097668261,0.4653333333333333,0.44496617909714065,3e-05
14,20,1.3321320064259932,0.4858476585655009,1.3347080286512985,0.4876666666666667,0.4772707847654949,3e-05
14,21,1.319823664794036,0.4886633076467101,1.3377086761149954,0.4746666666666667,0.45624158234851453,3e-05
14,22,1.3111781477928162,0.49536899822169533,1.3532340095398274,0.47733333333333333,0.4441968020990094,3e-05
14,23,1.293084968746556,0.5019635447540012,1.3338079782242471,0.489,0.4767402659241051,3e-05
14,24,1.2851955876531194,0.5020005927682276,1.33553687308697,0.47733333333333333,0.47530473160073256,3e-05
14,25,1.2728453083625901,0.5117071724955542,1.3166261429482318,0.49066666666666664,0.46406093211650606,3e-05
14,26,1.258856013064136,0.5190797273266153,1.3169581319423431,0.486,0.4721028953243663,3e-05
14,27,1.2505315656628089,0.5161529342027268,1.2975197903653408,0.5096666666666667,0.5001934781327675,3e-05
14,28,1.2424746154326398,0.5220435684647303,1.2959922222380942,0.5103333333333333,0.4979298197510913,3e-05
14,29,1.2252943212104634,0.5306016597510373,1.3159005844846685,0.484,0.46995970260609693,3e-05
14,30,1.2197250021859933,0.5305646117368109,1.2937840235994218,0.49866666666666665,0.4836119181873621,3e-05
14,31,1.202841422427887,0.5361959098992294,1.2906975708109267,0.5,0.4932289278021605,3e-05
14,32,1.194456055689762,0.543531416716064,1.279548946847307,0.5026666666666667,0.49916114458236643,3e-05
14,33,1.183679027014999,0.5443094250148192,1.2968648088739274,0.5016666666666667,0.48389026573444327,3e-05
14,34,1.177098286236632,0.5509410195613516,1.283753884599564,0.5043333333333333,0.508548397780223,3e-05
14,35,1.163373553357418,0.5537937166567872,1.2803471747865067,0.5116666666666667,0.5021631462422531,3e-05
14,36,1.152279521475471,0.5611662714878483,1.2780634849629504,0.5186666666666667,0.5058704086313037,3e-05
14,37,1.1393404885490923,0.5666864256075874,1.2720846280138542,0.519,0.5157257854525841,3e-05
14,38,1.1257797129346296,0.5691315945465323,1.2773434329540172,0.505,0.49459049274766753,3e-05
14,39,1.11972624289481,0.5725029638411381,1.2685563741846289,0.5133333333333333,0.506483884670137,3e-05
14,40,1.1023532159238065,0.580616478956728,1.2996319811394874,0.5046666666666667,0.4901440485937153,3e-05
14,41,1.0888838993994545,0.5842471843509188,1.2888034835774849,0.5106666666666667,0.502386186739731,3e-05
14,42,1.0835086110078893,0.5872851215174867,1.2804439600477828,0.5183333333333333,0.5144216724842083,3e-05
14,43,1.0730151919674535,0.5922495554238293,1.2736546042117667,0.52,0.5162042814271918,3e-05
14,44,1.0615506667943928,0.5984365737996443,1.2590010026667982,0.5186666666666667,0.5139958737499869,3e-05
14,45,1.0521609956901785,0.603326911677534,1.264970728691588,0.528,0.5239460037462566,3e-05
14,46,1.0436227666258246,0.601882039122703,1.2695203842000757,0.5193333333333333,0.5125706055463509,3e-05
14,47,1.0252177431402614,0.6112922347362182,1.2673116820923827,0.5316666666666666,0.5218118153543844,3e-05
14,48,1.0132438516447329,0.6165160047421459,1.2751515368197828,0.5286666666666666,0.5194949279576626,3e-05
14,49,1.0001963752705905,0.6225177830468287,1.28142504742805,0.5263333333333333,0.5203855831955891,3e-05
14,50,0.9968449654172382,0.6225548310610551,1.2822113227336964,0.536,0.528382163249709,3e-06
14,51,0.9137940661037137,0.660825429756965,1.2531593949236768,0.5426666666666666,0.5365124554334791,3e-06
14,52,0.8770448637517143,0.6737922347362182,1.2607382015979036,0.544,0.5398935895567883,3e-06
14,53,0.8685658503482692,0.6765337877889745,1.260063942442549,0.5433333333333333,0.5375753592980267,3e-06
14,54,0.8639342780644295,0.6786455245998815,1.2635987540508837,0.542,0.5374055879869708,3e-06
14,55,0.8522457334950072,0.684536158861885,1.2684382948469608,0.5386666666666666,0.5353155248961796,3e-06
14,56,0.8446092318867056,0.6847213989330172,1.2745448008496711,0.5433333333333333,0.5390543984733263,3e-06
14,57,0.8375385090073139,0.692834914048607,1.2722505077402642,0.5396666666666666,0.5334806823443343,3.0000000000000004e-07
14,58,0.8228327297203913,0.6942056905749852,1.2732213038079283,0.538,0.5325369646854953,3.0000000000000004e-07
14,59,0.8258692238003157,0.6947243627741553,1.2737551800748135,0.538,0.5317609466257756,3.0000000000000004e-07
14,60,0.8291414055214109,0.6926126259632484,1.273615560633071,0.539,0.5328478157330976,3.0000000000000004e-07
14,61,0.828959500337664,0.6955394190871369,1.2733116428902809,0.539,0.5327297361408898,3.0000000000000004e-07
14,62,0.8186348491652882,0.698762596324837,1.2744306757095012,0.5383333333333333,0.5319933394823999,3.0000000000000004e-07
14,63,0.8200181839872875,0.6949466508595139,1.2750776270602613,0.54,0.5342439262372947,3.0000000000000004e-08
14,64,0.8176695781437706,0.6968731475992886,1.2752891284354189,0.5403333333333333,0.5345147912910938,3.0000000000000004e-08
14,65,0.8124180336557858,0.6992442205097806,1.274603823398022,0.54,0.5342583365013608,3.0000000000000004e-08
14,66,0.8114488078237145,0.6994665085951393,1.2750780658519014,0.5413333333333333,0.5355843812624257,3.0000000000000004e-08
15,1,1.7561859143853753,0.2739330171902786,1.6777345195729683,0.33,0.2939474511236333,3e-05
15,2,1.6666417706634196,0.3363959691760522,1.6181294867332945,0.36466666666666664,0.34030092622806934,3e-05
15,3,1.620248138622085,0.36251481920569056,1.5901500265649025,0.38,0.3361345662619588,3e-05
15,4,1.5900144794540947,0.3768894487255483,1.5459030511531424,0.40166666666666667,0.3636782216922946,3e-05
15,5,1.557994686879253,0.3918197984588026,1.5421214763154374,0.4023333333333333,0.37837016078859553,3e-05
15,6,1.5407812021919902,0.3955616478956728,1.513373055356614,0.419,0.39465557595072226,3e-05
15,7,1.5229994134880356,0.40541641967990516,1.5108552765338978,0.4126666666666667,0.3943868491345151,3e-05
15,8,1.503628137834829,0.40926941315945464,1.4765018960262866,0.42966666666666664,0.397086284808039,3e-05
15,9,1.485728188148607,0.4186796087729698,1.497398632637998,0.41133333333333333,0.414310576298168,3e-05
15,10,1.4721239211999975,0.43012744516893897,1.452164611917861,0.43633333333333335,0.41795046346346226,3e-05
15,11,1.4576665804284443,0.4315352697095436,1.4434942209974249,0.43866666666666665,0.4182789259915578,3e-05
15,12,1.444747929889444,0.43568464730290457,1.4366337847202382,0.44866666666666666,0.4324198699527192,3e-05
15,13,1.4330705330835134,0.44439093064611734,1.4213668133350128,0.443,0.4271347768450837,3e-05
15,14,1.4236098810394793,0.44439093064611734,1.4545378938634346,0.44266666666666665,0.4111141770858623,3e-05
15,15,1.4105067162717124,0.45150414937759337,1.4176854326369914,0.4553333333333333,0.44726357770302017,3e-05
15,16,1.400844019171186,0.4533195020746888,1.3889153181238378,0.45866666666666667,0.4452106310463095,3e-05
15,17,1.3886167536979603,0.4615071132187315,1.4003167482132608,0.449,0.4183501595865276,3e-05
15,18,1.3792000127629647,0.4646932424422051,1.398652713349525,0.462,0.4538225174377798,3e-05
15,19,1.3691093178721965,0.47099140486069946,1.4138576832223446,0.44533333333333336,0.41679128135238547,3e-05
15,20,1.3551725513562207,0.4786973918197985,1.387827439511076,0.455,0.4335792766752594,3e-05
15,21,1.3426503519311335,0.4822910491997629,1.366000347949089,0.4633333333333333,0.455474932609929,3e-05
15,22,1.3319150901518726,0.48381001778304683,1.3665187054492058,0.4693333333333333,0.4482872068533581,3e-05
15,23,1.3281150618435646,0.4878482513337285,1.3458478679048254,0.4766666666666667,0.463096865615482,3e-05
15,24,1.3127306425740934,0.4926644931831654,1.3564209659048851,0.4683333333333333,0.46473289363103065,3e-05
15,25,1.3083676613902593,0.49536899822169533,1.3498916955704385,0.4683333333333333,0.456460848779059,3e-05
15,26,1.2991885203885807,0.4955542382928275,1.3586935794099848,0.4683333333333333,0.45728247556143464,3e-05
15,27,1.279245558790686,0.5071502667457024,1.3647601426915918,0.475,0.4467649631242765,3e-05
15,28,1.2763883612732188,0.508298755186722,1.3588018823177257,0.475,0.4633243117272985,3e-05
15,29,1.2715047309748935,0.5131149970361588,1.3500756811588368,0.481,0.4580101980428208,3e-06
15,30,1.2196776410697197,0.5335284528749259,1.3092051947370489,0.49833333333333335,0.4877737176301986,3e-06
15,31,1.205769780546568,0.5362329579134558,1.3068632267891092,0.49833333333333335,0.48750546934612266,3e-06
15,32,1.1889568914734356,0.5437166567871962,1.3063729481494173,0.498,0.48627778982621883,3e-06
15,33,1.1844204685416833,0.544976289270895,1.3031082483048135,0.49566666666666664,0.4837527604710291,3e-06
15,34,1.1797553444925644,0.5476437462951986,1.2977099291821743,0.49833333333333335,0.4907447660168266,3e-06
15,35,1.1744645483685896,0.5507187314759929,1.2974719557356327,0.497,0.48738454573703294,3e-06
15,36,1.1644117484725482,0.5540530527563723,1.3004154677086688,0.49966666666666665,0.4889616034113085,3e-06
15,37,1.162568813816631,0.5553126852400712,1.2932759244391259,0.501,0.48997325183610585,3e-06
15,38,1.1635333984666527,0.55334914048607,1.2901922020506351,0.49833333333333335,0.4876286291751184,3e-06
15,39,1.158260607182697,0.5580542382928275,1.2888895628300119,0.501,0.49062808378806144,3e-06
15,40,1.1558947519385985,0.5582394783639597,1.2876981648992984,0.5003333333333333,0.49517874856683525,3e-06
15,41,1.149686168155399,0.5609439834024896,1.290782073710827,0.49866666666666665,0.4883543400091136,3e-06
15,42,1.1515884424837846,0.5608698873740368,1.2888112676904557,0.49966666666666665,0.4894684185540394,3e-06
15,43,1.146650298794299,0.5627593360995851,1.2884655455325513,0.5003333333333333,0.4939689509588312,3e-06
15,44,1.1386953592300415,0.5650933609958506,1.2902116471148553,0.506,0.5006922952402102,3e-06
15,45,1.1353024747134386,0.5640560165975104,1.2883671877232004,0.504,0.49670430943480753,3e-06
15,46,1.133722902333002,0.5646487848251334,1.2890200462747128,0.5026666666666667,0.4959353190342385,3.0000000000000004e-07
15,47,1.122319386892409,0.5717249555423829,1.2860964054756976,0.504,0.49704629604975664,3.0000000000000004e-07
15,48,1.1277070507336566,0.5705764671013633,1.285262476890645,0.502,0.49459326606797377,3.0000000000000004e-07
15,49,1.12332589903149,0.5742812685240071,1.2850811227839043,0.5013333333333333,0.49360800584118336,3.0000000000000004e-07
15,50,1.126559063015391,0.5672791938352104,1.2857225042708376,0.5026666666666667,0.49499370785821667,3.0000000000000004e-07
15,51,1.1246173222200566,0.5706876111440427,1.2841547955857946,0.503,0.4954047641298328,3.0000000000000004e-07
15,52,1.1214253196219133,0.5709469472436277,1.2841142669637153,0.506,0.49955641186060046,3.0000000000000004e-07
15,53,1.1267435762554547,0.5695391227030231,1.2835750706652378,0.5046666666666667,0.4968025233118581,3.0000000000000004e-07
15,54,1.1173468136109448,0.5776526378186129,1.2838116199412244,0.5043333333333333,0.49667133241589967,3.0000000000000004e-07
15,55,1.121199229458497,0.5722806757557795,1.2841619785795821,0.5036666666666667,0.49664573315089183,3.0000000000000004e-07
15,56,1.1203845126368988,0.571391523414345,1.2835777376560455,0.5033333333333333,0.4960541162569369,3.0000000000000004e-07
15,57,1.120956652961071,0.5738737403675163,1.28258408637757,0.503,0.4966706538514733,3.0000000000000004e-07
15,58,1.1151086206402259,0.5752815649081209,1.2832671657521675,0.5033333333333333,0.49633136179472576,3.0000000000000004e-07
15,59,1.122510146332013,0.5694279786603438,1.283189946032585,0.5033333333333333,0.49595071759126896,3.0000000000000004e-07
15,60,1.116612110940201,0.5733550681683461,1.2835364925100448,0.501,0.4944659222690289,3.0000000000000004e-07
15,61,1.1148011910406899,0.5755409010077059,1.282857283632806,0.5033333333333333,0.4959158726892735,3.0000000000000004e-07
15,62,1.1184974326906612,0.5735773562537048,1.2833337022903117,0.5053333333333333,0.4986874314864509,3.0000000000000004e-07
15,63,1.1172135575405229,0.5727993479549496,1.2833088534943602,0.5043333333333333,0.4975917503476079,3.0000000000000004e-08
15,64,1.1186750412552278,0.5739478363959691,1.2827806764460625,0.5026666666666667,0.49599313700882974,3.0000000000000004e-08
15,65,1.11405507182058,0.5772080616478956,1.2831726708310716,0.5016666666666667,0.49512889036874524,3.0000000000000004e-08
15,66,1.1117947049333021,0.5750963248369887,1.283230553282068,0.503,0.49625866301881405,3.0000000000000004e-08
15,67,1.114014811142926,0.5727993479549496,1.2839619098825659,0.5033333333333333,0.4966321669441044,3.0000000000000004e-08
15,68,1.120291662018446,0.5749481327800829,1.2824496740990496,0.504,0.49715393211801057,3.0000000000000004e-08
15,69,1.115241419506299,0.5750592768227623,1.2826063759783481,0.504,0.49714471758254,3.0000000000000004e-08
15,70,1.1179241696240212,0.57757854179016,1.2832722308787894,0.5033333333333333,0.49655506790804543,3.0000000000000004e-08
15,71,1.1143321328536029,0.5776155898043864,1.28263262484936,0.5036666666666667,0.49687761982385603,3.0000000000000004e-08
15,72,1.1140828128392097,0.5776526378186129,1.2825655607467001,0.5033333333333333,0.49647023021975384,3.0000000000000004e-08
15,73,1.1133302941706509,0.5769487255483106,1.2829562527068117,0.5043333333333333,0.4975112874182458,3.0000000000000004e-08
15,74,1.119846726198332,0.5729475400118553,1.2828987862201446,0.504,0.4971244431994066,3.0000000000000004e-09
15,75,1.114922756973601,0.5732068761114404,1.2829505687064313,0.5036666666666667,0.4967344634039899,3.0000000000000004e-09
15,76,1.115602531421806,0.5742442205097806,1.2832290695068684,0.504,0.4970072986550252,3.0000000000000004e-09
15,77,1.114087560730523,0.5745035566093657,1.283033089434847,0.504,0.497015979652444,3.0000000000000004e-09
15,78,1.1126480705647672,0.5746887966804979,1.283006749254592,0.504,0.497015979652444,3.0000000000000004e-09
15,79,1.118280018816627,0.5716138114997036,1.2832143294050338,0.504,0.497015979652444,3.0000000000000004e-09
15,80,1.1212021140690664,0.5752445168938944,1.2830861172777541,0.5043333333333333,0.49740585330894327,3.0000000000000004e-09
15,81,1.1150274249897183,0.5747258446947243,1.282822347701864,0.504,0.497015979652444,3.0000000000000004e-09
15,82,1.1115987843246822,0.5781713100177831,1.2822991761755436,0.5046666666666667,0.49774846961537605,3.0000000000000004e-09
15,83,1.1191680078257882,0.5707246591582691,1.28290338465508,0.5046666666666667,0.49774846961537605,3.0000000000000004e-09
15,84,1.1180069423964802,0.5736885002963841,1.283264327556529,0.5043333333333333,0.49740585330894327,3.0000000000000004e-09
15,85,1.111538778549122,0.5745035566093657,1.282491685228145,0.5043333333333333,0.49740585330894327,3.0000000000000004e-09
15,86,1.1168515401146424,0.5776155898043864,1.2824630001758008,0.5043333333333333,0.49740585330894327,3.0000000000000004e-09
15,87,1.1135419909422997,0.5741330764671013,1.2833844068202567,0.504,0.497015979652444,3.0000000000000004e-09
15,88,1.1147662307978807,0.5738366923532898,1.2830425855961252,0.504,0.497015979652444,3.0000000000000004e-09
15,89,1.1158739550136276,0.5762818612922347,1.282909262687602,0.504,0.497015979652444,3.0000000000000004e-09
15,90,1.110558221972949,0.5770598695909899,1.2828339541212042,0.504,0.497015979652444,3.0000000000000004e-09
15,91,1.1068572920363096,0.5745035566093657,1.282428282372495,0.504,0.497015979652444,3.0000000000000004e-09
15,92,1.1170786856475035,0.573429164196799,1.2832933854549489,0.504,0.497015979652444,3.0000000000000004e-09
15,93,1.1102479997121892,0.5777637818612922,1.2837579034744424,0.504,0.497015979652444,3.0000000000000004e-09
15,94,1.1153244798499826,0.5768746295198577,1.282562276150318,0.504,0.497015979652444,3.0000000000000004e-09
15,95,1.1152655269014893,0.5767634854771784,1.2831293775680217,0.504,0.497015979652444,3.0000000000000004e-09
15,96,1.12131785710841,0.5739107883817427,1.2837391787386956,0.504,0.497015979652444,3.0000000000000004e-09
15,97,1.114836611595199,0.5745035566093657,1.2828193497150502,0.504,0.497015979652444,3.0000000000000004e-09
16,1,1.76674500884603,0.2763781861292235,1.703620804117081,0.31333333333333335,0.24447113013368893,3e-05
16,2,1.66330169247225,0.3369146413752223,1.646287963745442,0.357,0.26861437833931157,3e-05
16,3,1.6071697990476237,0.36714582098399523,1.5655251690681944,0.38566666666666666,0.34929227420343295,3e-05
16,4,1.5772097735043387,0.38452133965619445,1.5492562309224556,0.3903333333333333,0.3517113294828383,3e-05
16,5,1.5552081880976238,0.38811499703615887,1.5142969324233684,0.4103333333333333,0.3649988577789328,3e-05
16,6,1.5342471266244826,0.4007854179016005,1.52540988617755,0.403,0.3352447453980111,3e-05
16,7,1.511439818906558,0.41138114997036157,1.4815575036596744,0.431,0.3956276666895786,3e-05
16,8,1.4875549207931447,0.421495257854179,1.4837158969108095,0.432,0.4118078102118012,3e-05
16,9,1.4763664812273323,0.42460729104919975,1.451009012283163,0.44366666666666665,0.4270052021946449,3e-05
16,10,1.4598305425937708,0.4326096621221103,1.454682745832078,0.44666666666666666,0.4023336831308402,3e-05
16,11,1.4428162433524832,0.4382780082987552,1.4438251916398392,0.44166666666666665,0.4149799097458784,3e-05
16,12,1.4292359586575585,0.44201985773562535,1.425703840052828,0.4563333333333333,0.4394582844276158,3e-05
16,13,1.416966610892689,0.4495406046235922,1.4478261394703642,0.44333333333333336,0.3996833217649601,3e-05
16,14,1.3989059170840477,0.4578023117960877,1.3919769728437383,0.45666666666666667,0.4348437869832817,3e-05
16,15,1.3820476209947847,0.4643598103141672,1.3854494424576456,0.465,0.4512606462030014,3e-05
16,16,1.366428745301414,0.4702133965619443,1.3643459005558745,0.4666666666666667,0.44689308270727923,3e-05
16,17,1.3552398885030883,0.4759187907528156,1.3593062035580898,0.4706666666666667,0.4461718305956613,3e-05
16,18,1.342797419188712,0.48262448132780084,1.3846539157502196,0.45766666666666667,0.436729989857536,3e-05
16,19,1.3314474340863702,0.48414344991108477,1.3722567532924896,0.45866666666666667,0.4405907515637516,3e-05
16,20,1.3170766590330838,0.49251630112625966,1.3469595655481865,0.4756666666666667,0.46744013250634103,3e-05
16,21,1.302505916470035,0.49836988737403676,1.3418270831412458,0.4756666666666667,0.4665693903879156,3e-05
16,22,1.2894137121772313,0.5044828097213989,1.3454836835252477,0.47633333333333333,0.45784178950733007,3e-05
16,23,1.2811021542097154,0.5071502667457024,1.3368246504601011,0.482,0.4659414270544622,3e-05
16,24,1.2656473412897915,0.5117442205097806,1.32231601502033,0.4826666666666667,0.4635167718260745,3e-05
16,25,1.26109515660182,0.5170050385299348,1.3125955348319196,0.49066666666666664,0.4808295102138154,3e-05
16,26,1.2434597802105674,0.5223029045643154,1.3261624523933897,0.48233333333333334,0.46537356644970274,3e-05
16,27,1.235966695710946,0.5240441612329579,1.316040353572115,0.495,0.4928626521773045,3e-05
16,28,1.2285566820070077,0.5299718435091879,1.3051783987816343,0.49233333333333335,0.4780467907540972,3e-05
16,29,1.2134568667242311,0.537010966212211,1.2879171346096283,0.503,0.49588523087893577,3e-05
16,30,1.1937732850488327,0.5407528156490812,1.3030353708470122,0.502,0.48864433758478376,3e-05
16,31,1.179999952632669,0.5499407231772377,1.2973918331430314,0.49666666666666665,0.4947528443891984,3e-05
16,32,1.1686717074064281,0.5536455245998815,1.3090355218725,0.49533333333333335,0.4805408932614417,3e-05
16,33,1.157719214945608,0.5581653823355068,1.2683835714421374,0.518,0.5091107539352633,3e-05
16,34,1.1423252878878354,0.5646487848251334,1.2883934315214767,0.509,0.49502359064075063,3e-05
16,35,1.1392847079236361,0.5638707765263782,1.2798094724087006,0.511,0.5036314613145029,3e-05
16,36,1.1180510821783147,0.5735773562537048,1.28906508709522,0.5123333333333333,0.5064548299981199,3e-05
16,37,1.1091210703714198,0.5791716064018969,1.2817895818263927,0.5106666666666667,0.5001000632428761,3e-05
16,38,1.1004496826944759,0.5823206876111441,1.2851363141485985,0.517,0.5085554839213909,3e-05
16,39,1.082175893099952,0.5910269709543569,1.2836615405184157,0.505,0.5030903185776803,3e-06
16,40,1.013354238175668,0.6164048606994665,1.2489215566756877,0.531,0.5282227130329192,3e-06
16,41,0.9833877688335582,0.6287418494368702,1.248558853534942,0.527,0.5226481788862755,3e-06
16,42,0.9615739896116664,0.6379668049792531,1.2545099740332746,0.5296666666666666,0.525180567699927,3e-06
16,43,0.961330221727561,0.6385225251926496,1.2509068314065324,0.533,0.5295129290662259,3e-06
16,44,0.9497947164621399,0.6457098399525786,1.254060927857744,0.5286666666666666,0.5257852578399658,3e-06
16,45,0.944358369609191,0.6504149377593361,1.2557118826724114,0.5306666666666666,0.5280453679473296,3e-06
16,46,0.930627056207702,0.6507854179016005,1.253658375841506,0.5363333333333333,0.532172765907309,3e-06
16,47,0.930469757855221,0.6526007705986959,1.2626881903790412,0.531,0.52803695033715,3.0000000000000004e-07
16,48,0.923369948615395,0.6547495554238293,1.2599320893592023,0.5296666666666666,0.5263939152194461,3.0000000000000004e-07
16,49,0.9128915609624149,0.6584173088322466,1.2587473468577608,0.534,0.5310236227565575,3.0000000000000004e-07
16,50,0.9156093029614308,0.6567871962062833,1.2575688869395154,0.531,0.5284080844008194,3.0000000000000004e-07
16,51,0.9123559445848962,0.6573429164196799,1.2577185973208,0.5353333333333333,0.5324477639350975,3.0000000000000004e-07
16,52,0.9174915769653863,0.6593064611736811,1.2576521140463808,0.5353333333333333,0.5323927709418056,3.0000000000000004e-07
16,53,0.9107418650699453,0.6608995257854179,1.258612503396704,0.5333333333333333,0.5305785284740295,3.0000000000000004e-08
16,54,0.9091915375248516,0.6612700059276823,1.2582054531320612,0.534,0.5311620993271299,3.0000000000000004e-08
16,55,0.9112561884649557,0.6611218138707765,1.2583937708367692,0.5333333333333333,0.5304052138803258,3.0000000000000004e-08
16,56,0.9034458088083854,0.6637151748666271,1.2575246932658743,0.5336666666666666,0.5308030249179461,3.0000000000000004e-08
